[Header],,,,,,,,,
IEMFileVersion,4,,,,,,,,
Date,10/20/2016,,,,,,,,
Workflow,GenerateFASTQ,,,,,,,,
Application,NextSeq FASTQ Only,,,,,,,,
Assay,Nextera XT,,,,,,,,
Description,,,,,,,,,
Chemistry,Amplicon,,,,,,,,
,,,,,,,,,
[Reads],,,,,,,,,
151,,,,,,,,,
151,,,,,,,,,
,,,,,,,,,
[Settings],,,,,,,,,
Adapter,CTGTCTCTTATACACATCT,,,,,,,,
,,,,,,,,,
[Data],,,,,,,,,
Sample_ID,Sample_Name,Sample_Plate,Sample_Well,I7_Index_ID,index,I5_Index_ID,index2,Sample_Project,Description
Juan-AA-8361,AA-8361,,,N705,GGACTCCT,S504,TCTACTCT,AAlastruey20161116,anaalastruey
Juan-AA-8376,AA-8376,,,N706,TAGGCATG,S504,TCTACTCT,AAlastruey20161116,anaalastruey
Juan-AA-8362,AA-8362,,,N707,CTCTCTAC,S504,TCTACTCT,AAlastruey20161116,anaalastruey
Juan-AA-8264,AA-8264,,,N708,CAGAGAGG,S504,TCTACTCT,AAlastruey20161116,anaalastruey
Juan-AA-231039,AA-231039,,,N709,GCTACGCT,S504,TCTACTCT,AAlastruey20161116,anaalastruey
Juan-AA-233148,AA-233148,,,N710,CGAGGCTG,S504,TCTACTCT,AAlastruey20161116,anaalastruey
Juan-AA-239999,AA-239999,,,N711,AAGAGGCA,S504,TCTACTCT,AAlastruey20161116,anaalastruey
Juan-AA-L16-43,AA-L16-43,,,N712,GTAGAGGA,S504,TCTACTCT,AAlastruey20161116,anaalastruey
Juan-AA-L16-51,AA-L16-51,,,N701,TAAGGCGA,S505,CTCCTTAC,AAlastruey20161116,anaalastruey
Juan-AA-L16-71,AA-L16-71,,,N702,CGTACTAG,S505,CTCCTTAC,AAlastruey20161116,anaalastruey
Juan-AA-L16-81,AA-L16-81,,,N703,AGGCAGAA,S505,CTCCTTAC,AAlastruey20161116,anaalastruey
Juan-AA-L16-88,AA-L16-88,,,N704,TCCTGAGC,S505,CTCCTTAC,AAlastruey20161116,anaalastruey
Juan-AA-L16-90,AA-L16-90,,,N705,GGACTCCT,S505,CTCCTTAC,AAlastruey20161116,anaalastruey
Juan-AA-L16-92,AA-L16-92,,,N706,TAGGCATG,S505,CTCCTTAC,AAlastruey20161116,anaalastruey
Juan-AA-L16-94,AA-L16-94,,,N707,CTCTCTAC,S505,CTCCTTAC,AAlastruey20161116,anaalastruey
Juan-AA-29,AA-29,,,N709,GCTACGCT,S505,CTCCTTAC,AAlastruey20161116,anaalastruey
Juan-AA-61,AA-61,,,N710,CGAGGCTG,S505,CTCCTTAC,AAlastruey20161116,anaalastruey
Juan-AA-106,AA-106,,,N711,AAGAGGCA,S505,CTCCTTAC,AAlastruey20161116,anaalastruey
Juan-AA-8019,AA-8019,,,N712,GTAGAGGA,S505,CTCCTTAC,AAlastruey20161116,anaalastruey
Juan-AA-8054,AA-8054,,,N701,TAAGGCGA,S506,TATGCAGT,AAlastruey20161116,anaalastruey
Juan-AA-8057,AA-8057,,,N702,CGTACTAG,S506,TATGCAGT,AAlastruey20161116,anaalastruey
Juan-AA-8357,AA-8357,,,N703,AGGCAGAA,S506,TATGCAGT,AAlastruey20161116,anaalastruey
Juan-AA-8766,AA-8766,,,N704,TCCTGAGC,S506,TATGCAGT,AAlastruey20161116,anaalastruey
Juan-AA-L16-82,AA-L16-82,,,N705,GGACTCCT,S506,TATGCAGT,AAlastruey20161116,anaalastruey
Juan-AA-L16-83,AA-L16-83,,,N706,TAGGCATG,S506,TATGCAGT,AAlastruey20161116,anaalastruey
Juan-AA-L15-133,AA-L15-133,,,N707,CTCTCTAC,S506,TATGCAGT,AAlastruey20161116,anaalastruey
Juan-AA-L16-84,AA-L16-84,,,N708,CAGAGAGG,S506,TATGCAGT,AAlastruey20161116,anaalastruey
Juan-AA-L16-86,AA-L16-86,,,N709,GCTACGCT,S506,TATGCAGT,AAlastruey20161116,anaalastruey
Juan-AA-L16-91,AA-L16-91,,,N710,CGAGGCTG,S506,TATGCAGT,AAlastruey20161116,anaalastruey
Juan-AA-L16-96,AA-L16-96,,,N711,AAGAGGCA,S506,TATGCAGT,AAlastruey20161116,anaalastruey
Juan-AA-L16-108,AA-L16-108,,,N712,GTAGAGGA,S506,TATGCAGT,AAlastruey20161116,anaalastruey
Juan-AA-L16-114,AA-L16-114,,,N701,TAAGGCGA,S507,TACTCCTT,AAlastruey20161116,anaalastruey
Juan-AA-L16-120,AA-L16-120,,,N702,CGTACTAG,S507,TACTCCTT,AAlastruey20161116,anaalastruey
Juan-AA-L16-121,AA-L16-121,,,N703,AGGCAGAA,S507,TACTCCTT,AAlastruey20161116,anaalastruey
Juan-AA-L16-122,AA-L16-122,,,N704,TCCTGAGC,S507,TACTCCTT,AAlastruey20161116,anaalastruey
Juan-AA-L16-123,AA-L16-123,,,N705,GGACTCCT,S507,TACTCCTT,AAlastruey20161116,anaalastruey
Juan-AA-L16-124,AA-L16-124,,,N706,TAGGCATG,S507,TACTCCTT,AAlastruey20161116,anaalastruey
Juan-AA-L16-125,AA-L16-125,,,N707,CTCTCTAC,S507,TACTCCTT,AAlastruey20161116,anaalastruey
Juan-AA-L16-128,AA-L16-128,,,N708,CAGAGAGG,S507,TACTCCTT,AAlastruey20161116,anaalastruey
Juan-AA-L16-131,AA-L16-131,,,N709,GCTACGCT,S507,TACTCCTT,AAlastruey20161116,anaalastruey
Juan-AA-97,AA-97,,,N710,CGAGGCTG,S507,TACTCCTT,AAlastruey20161116,anaalastruey
Juan-AA-5314,AA-5314,,,N711,AAGAGGCA,S507,TACTCCTT,AAlastruey20161116,anaalastruey
Juan-AA-8065,AA-8065,,,N712,GTAGAGGA,S507,TACTCCTT,AAlastruey20161116,anaalastruey
Juan-AA-8241,AA-8241,,,N701,TAAGGCGA,S508,AGGCTTAG,AAlastruey20161116,anaalastruey
Juan-AA-8368,AA-8368,,,N702,CGTACTAG,S508,AGGCTTAG,AAlastruey20161116,anaalastruey
Juan-AA-8752,AA-8752,,,N703,AGGCAGAA,S508,AGGCTTAG,AAlastruey20161116,anaalastruey
Juan-AA-234252,AA-234252,,,N704,TCCTGAGC,S508,AGGCTTAG,AAlastruey20161116,anaalastruey
Juan-AA-L16-100,AA-L16-100,,,N705,GGACTCCT,S508,AGGCTTAG,AAlastruey20161116,anaalastruey
Juan-AA-L16-101,AA-L16-101,,,N706,TAGGCATG,S508,AGGCTTAG,AAlastruey20161116,anaalastruey
Juan-AA-L16-105,AA-L16-105,,,N707,CTCTCTAC,S508,AGGCTTAG,AAlastruey20161116,anaalastruey
Juan-AA-L16-107,AA-L16-107,,,N708,CAGAGAGG,S508,AGGCTTAG,AAlastruey20161116,anaalastruey
Juan-AA-L16-111,AA-L16-111,,,N709,GCTACGCT,S508,AGGCTTAG,AAlastruey20161116,anaalastruey
Juan-AA-L16-113,AA-L16-113,,,N710,CGAGGCTG,S508,AGGCTTAG,AAlastruey20161116,anaalastruey
T5305,T5305,,,N711,AAGAGGCA,S508,AGGCTTAG,MJFerrandiz20161116,mjferrandiz
